Identifier,Firstname,Surname,DOB,Address1,Address2,Country,postcode,holder
22003208647,Rodolfo,Ullrich,21-Nov-1994,est,assumenda,Slovakia,36723,C
95831562717,Arnetta,Bogan,01-Jun-1984,rem,eos,Iceland,16730-7493,C
08464929120,Morton,Boyle,06-Nov-1981,suscipit,enim,Estonia,10985-7346,C
63045186917,Jackie,Effertz,14-Mar-1976,qui,nesciunt,Latvia,58467-7857,H
01727047931,Marguerita,Ullrich,12-Apr-2006,molestiae,ad,Luxembourg,09389-7422,S
13908268868,Tracy,Hermiston,12-Jan-1995,necessitatibus,tempore,Czech Republic,01422,D
40612966860,Samatha,Davis,25-Jan-1975,eum,quis,Slovakia,11864-9638,H
14440090772,Millard,Quitzon,29-Dec-1982,hic,ut,Belgium,82188,S
39350917206,Elvie,Hudson,08-Oct-1970,nesciunt,blanditiis,Luxembourg,60550-5415,C
72542110186,Dong,Quigley,11-May-1975,ut,ratione,Latvia,32895-4481,C
19843647123,Jc,Bahringer,25-Apr-1964,qui,deserunt,Switzerland,17371,C
38017105037,Gerry,Jaskolski,25-Apr-1984,odit,qui,Finland,00407,C
60888028462,Alberta,Goodwin,09-Mar-1962,enim,iste,Poland,14397,C
94768866871,Columbus,Little,05-Oct-1998,molestiae,et,Netherlands,86922,S
21173937087,Jared,Kunze,04-Aug-2001,molestias,rem,Ireland,52353,D
98292520454,Essie,Cartwright,27-Mar-1979,ratione,ipsa,Poland,99374-4379,C
81531422998,Margarett,Wisozk,25-Jun-1992,provident,vel,United Kingdom,64722,H
39675119961,Adele,Schneider,01-Jan-2002,et,mollitia,Luxembourg,83143,C
07642317771,Elaine,Heathcote,05-May-1987,iste,autem,Denmark,87594,C
11719433989,Rodney,Watsica,09-Jan-1961,ab,rerum,Latvia,00159,H
